sensor,mean_val,min_val,max_val,stddev_val,anomaly_rate_pct
humidity,65.70442819148934,30.13,94.97,20.058139946200438,16.22340425531915
temperature,27.19670765027321,15.02,44.99,7.601202814084374,15.300546448087433
pressure,1009.7099301675985,980.11,1039.9,14.403612886735077,15.223463687150836
